title,car_model_name,car_color,car_mileage,location,date,price
تويوتا ياريس 2019,ياريس,فضي,"93,000 كم",القاهرة,2024-05-20,"750,000 جنيه"
تويوتا كورولا 2021,كورولا,أسود,"75,000 كم",المهندسين,2024-05-20,"960,000 جنيه"
تويوتا كورولا 2021,كورولا,برونزي,"54,000 كم",الإسكندرية,2024-05-20,"1,020,000 جنيه"
تويوتا كورولا 2021,كورولا,أسود,"64,000 كم",الجيزة,2024-05-20,"1,000,000 جنيه"
تويوتا كورولا 2020,كورولا,بترولي,"165,000 كم",6 أكتوبر,2024-05-20,"799,999 جنيه"
تويوتا كورولا 2015,كورولا,رمادي,"245,000 كم",مدينة السادات,2024-05-20,"800,000 جنيه"
تويوتا كورولا 2024,كورولا,فضي,"4,000 كم",الإسماعيلية,2024-05-20,"1,375,000 جنيه"
تويوتا كورولا 2015,كورولا,أبيض,"130,000 كم",التجمع - القاهرة الجديدة,2024-05-20,"795,000 جنيه"
تويوتا كورولا 2015,كورولا,أسود,"95,000 كم",المعادى,2024-05-20,"780,000 جنيه"
تويوتا كورولا 2009,كورولا,فيراني,"77,000 كم",شيراتون,2024-05-20,"700,000 جنيه"
تويوتا كورولا 2015,كورولا,أبيض,"115,000 كم",الوراق,2024-05-20,"850,000 جنيه"
تويوتا بلتا 2022,بلتا,أبيض,"11,000 كم",الزقازيق,2024-05-20,"880,000 جنيه"
تويوتا بيلتا 2022,بيلتا,أبيض,"11,000 كم",الزقازيق,2024-05-20,"880,000 جنيه"
تويوتا كورولا 2022,كورولا,أبيض,"55,000 كم",القاهرة,2024-05-20,"1,000,000 جنيه"
تويوتا كورولا 2020,كورولا,فضي,"113,000 كم",المهندسين,2024-05-20,"950,000 جنيه"
تويوتا كورولا 2013,كورولا,أسود,"146,000 كم",المنصورة,2024-05-20,"715,000 جنيه"
تويوتا كورولا 2024,كورولا,أبيض,0 كم,6 أكتوبر,2024-05-20,"1,585,000 جنيه"
تويوتا كورولا 2022,كورولا,أبيض,"500,000 كم",مصر الجديدة,2024-05-20,"1,150,000 جنيه"
تويوتا كورولا 2022,كورولا,أسود,- كم,التجمع - القاهرة الجديدة,2024-05-20,"1,330,000 جنيه"
تويوتا كورولا 2019,كورولا,فضي,"98,000 كم",الجيزة,2024-05-20,"890,000 جنيه"
تويوتا فورتشنر 2024,فورتشنر,أبيض,0 كم,مصر الجديدة,2024-05-20,"4,250,000 جنيه"
تويوتا كورولا 2021,كورولا,فضي,"43,000 كم",مدينة الشيخ زايد,2024-05-20,"1,200,000 جنيه"
تويوتا فورتشنر 2024,فورتشنر,رمادي,60 كم,الشروق,2024-05-20,"3,700,000 جنيه"
تويوتا كورولا 2018,كورولا,فيراني,"205,000 كم",مدينة الشيخ زايد,2024-05-20,"800,000 جنيه"
تويوتا كورولا 2014,كورولا,بترولي,"195,000 كم",التجمع - القاهرة الجديدة,2024-05-20,"705,000 جنيه"
تويوتا كورولا 2024,كورولا,بترولي,0 كم,التجمع - القاهرة الجديدة,2024-05-20,"1,650,000 جنيه"
تويوتا ياريس 2019,ياريس,أبيض,"71,000 كم",القاهرة,2024-05-20,"850,000 جنيه"
تويوتا كورولا 2016,كورولا,فيراني,"168,000 كم",القاهرة,2024-05-20,"765,000 جنيه"
تويوتا كورولا 1990,كورولا,أبيض,"230,000 كم",التجمع - القاهرة الجديدة,2024-05-20,"205,000 جنيه"
تويوتا كورولا 2022,كورولا,بترولي,"2,170 كم",مدينة الشيخ زايد,2024-05-20,"1,205,000 جنيه"
تويوتا كورولا 2002,كورولا,أبيض,"300,000 كم",قليوب,2024-05-20,"380,000 جنيه"
تويوتا كورولا 1988,كورولا,أبيض,"350,000 كم",القناطر الخيرية,2024-05-20,"160,000 جنيه"
تويوتا كورولا 2021,كورولا,أسود,"99,000 كم",مدينة نصر,2024-05-20,"1,200,000 جنيه"
تويوتا كورولا 2015,كورولا,أبيض,"132,000 كم",مدينة نصر,2024-05-20,"760,000 جنيه"
تويوتا كورولا 2020,كورولا,أبيض,"21,800 كم",المنصورة,2024-05-20,"1,250,000 جنيه"
تويوتا كورولا 1993,كورولا,فيراني,"300,000 كم",دمنهور,2024-05-20,"200,000 جنيه"
تويوتا كورولا 2007,كورولا,أسود,"220,000 كم",الجيزة,2024-05-20,"420,000 جنيه"
تويوتا ياريس 2007,ياريس,أسود,"130,000 كم",6 أكتوبر,2024-05-19,"425,000 جنيه"
تويوتا كورولا 2008,كورولا,أبيض,"144,000 كم",سوهاج,2024-05-19,"620,000 جنيه"
تويوتا كورولا 2020,كورولا,بترولي,"90,000 كم",شيراتون,2024-05-19,"930,000 جنيه"
تويوتا كورولا 2019,كورولا,فضي,"37,000 كم",البحيرة,2024-05-19,"1,200,000 جنيه"
تويوتا كورولا 1990,كورولا,رمادي,- كم,الخانكة,2024-05-19,"170,000 جنيه"
تويوتا بيلتا 2022,بيلتا,احمر,"50,000 كم",دمياط,2024-05-19,"880,000 جنيه"
تويوتا كورولا 2012,كورولا,فيراني,"128,000 كم",كفر الشيخ,2024-05-19,"760,000 جنيه"
تويوتا بلتا 2022,بلتا,رمادي,"8,700 كم",الغربية,2024-05-19,"920,000 جنيه"
تويوتا كورولا 2009,كورولا,أسود,- كم,مدينة نصر,2024-05-19,"390,000 جنيه"
تويوتا كورولا 2019,كورولا,فضي,"37,000 كم",رشيد,2024-05-19,"1,200,000 جنيه"
تويوتا كورولا 2021,كورولا,فضي,"88,000 كم",6 أكتوبر,2024-05-19,"1,230,000 جنيه"
تويوتا كورولا 2007,كورولا,سماوى,"500,000 كم",البحيرة,2024-05-19,"620,000 جنيه"
تويوتا كورولا 2020,كورولا,رمادي,"80,000 كم",القاهرة,2024-05-19,"970,000 جنيه"
تويوتا كورولا 2014,كورولا,فيراني,"200,000 كم",بني سويف‎,2024-05-19,"750,000 جنيه"
تويوتا كورولا 2013,كورولا,أسود,"159,000 كم",بني سويف‎,2024-05-19,"680,000 جنيه"
تويوتا كورولا 2023,كورولا,أبيض,"25,000 كم",المعادى,2024-05-19,"1,250,000 جنيه"
تويوتا كورولا 2005,كورولا,الأزرق الداكن,"447,000 كم",مدينة الشيخ زايد,2024-05-19,"470,000 جنيه"
تويوتا كورولا 2014,كورولا,أسود,"155,000 كم",الإسكندرية,2024-05-19,"715,000 جنيه"
تويوتا هاى اس 1993,هاى اس,أبيض,"100,000 كم",القاهرة,2024-05-19,-
تويوتا كورولا 2021,كورولا,أبيض,"82,000 كم",6 أكتوبر,2024-05-18,"1,030,000 جنيه"
تويوتا لاند كروزر 1996,لاند كروزر,فضي,- كم,القاهرة,2024-05-18,"1,200,000 جنيه"
تويوتا ياريس 2007,ياريس,أسود,"112,500 كم",الإسكندرية,2024-05-18,"330,000 جنيه"
تويوتا كورولا 2017,كورولا,برونزي,"161,286 كم",التجمع - القاهرة الجديدة,2024-05-18,"1,050,000 جنيه"
تويوتا برادو 2007,برادو,أسود,"190,000 كم",شبرا,2024-05-18,"1,250,000 جنيه"
تويوتا كورولا 2018,كورولا,فضي,"169,000 كم",المهندسين,2024-05-18,"850,000 جنيه"
تويوتا ياريس 2015,ياريس,أبيض,"217,000 كم",المنوفية,2024-05-18,"570,000 جنيه"
تويوتا ياريس 2007,ياريس,فضي,"80,000 كم",مصر الجديدة,2024-05-18,"480,000 جنيه"
تويوتا ياريس 2015,ياريس,فيراني,"290,000 كم",مدينة الشيخ زايد,2024-05-18,"530,000 جنيه"
تويوتا ياريس 2015,ياريس,فضي,"151,000 كم",مدينة نصر,2024-05-18,"650,000 جنيه"
تويوتا كورولا 2015,كورولا,أسود,"118,000 كم",مدينة نصر,2024-05-18,"750,000 جنيه"
تويوتا كورولا 2020,كورولا,بترولي,"100,000 كم",المعادى,2024-05-18,"1,000,000 جنيه"
تويوتا فورتشنر 2017,فورتشنر,أسود,"180,000 كم",التجمع - القاهرة الجديدة,2024-05-18,"2,900,000 جنيه"
تويوتا كورولا 2018,كورولا,أسود,"140,000 كم",القاهرة,2024-05-18,"870,000 جنيه"
تويوتا كورولا 2016,كورولا,فضي,"45,000 كم",المحلة,2024-05-18,"950,000 جنيه"
تويوتا كورولا 1990,كورولا,فضي,"550,000 كم",العبور,2024-05-18,"170,000 جنيه"
تويوتا كورولا 2014,كورولا,شمبان,"152,000 كم",المنيا‎,2024-05-18,"770,000 جنيه"
تويوتا ياريس 2008,ياريس,أبيض,"204,000 كم",مدينة نصر,2024-05-18,"375,000 جنيه"
تويوتا برادو 2006,برادو,شمبان,"350,000 كم",أسيوط,2024-05-18,"900,000 جنيه"
تويوتا كورولا 2022,كورولا,أسود,"39,000 كم",6 أكتوبر,2024-05-18,"1,150,000 جنيه"
تويوتا برادو 2017,برادو,أبيض,"60,000 كم",المنيا‎,2024-05-18,"5,100,000 جنيه"
تويوتا كورولا 2019,كورولا,أبيض,"105,000 كم",الدقى,2024-05-18,"900,000 جنيه"
تويوتا ياريس 2008,ياريس,أسود,"147,000 كم",العجمى,2024-05-18,"370,000 جنيه"
تويوتا ياريس 2007,ياريس,فضي,"74,000 كم",الفيوم,2024-05-17,"250,000 جنيه"
تويوتا ياريس 2009,ياريس,فضي,"200,000 كم",الجيزة,2024-05-17,"460,000 جنيه"
تويوتا كورولا 2019,كورولا,أسود,"113,000 كم",مدينتى,2024-05-17,"970,000 جنيه"
تويوتا كورولا 2016,كورولا,رمادي,"19,000 كم",القاهرة,2024-05-17,"850,000 جنيه"
تويوتا كورولا 2020,كورولا,فضي,"39,000 كم",مصر الجديدة,2024-05-17,"1,060,000 جنيه"
تويوتا كورولا 2014,كورولا,فضي,"147,000 كم",الإسكندرية,2024-05-17,"665,000 جنيه"
تويوتا كورولا 2010,كورولا,أسود,"200,000 كم",التجمع - القاهرة الجديدة,2024-05-17,"580,000 جنيه"
تويوتا كورولا 2020,كورولا,فضي,"110,000 كم",التجمع - القاهرة الجديدة,2024-05-17,"880,000 جنيه"
تويوتا أفنسيس 2007,أفنسيس,احمر غامق,"320,000 كم",حدائق الاهرام,2024-05-17,"550,000 جنيه"
تويوتا كورولا 1999,كورولا,احمر,- كم,قنا,2024-05-17,"225,000 جنيه"
تويوتا كورولا 2015,كورولا,فضي,"130,000 كم",الغربية,2024-05-17,"740,000 جنيه"
تويوتا كورولا 2021,كورولا,بترولي,"60,000 كم",مدينة نصر,2024-05-17,"1,100,000 جنيه"
تويوتا ياريس 2007,ياريس,بترولي,"253,000 كم",القاهرة,2024-05-17,"330,000 جنيه"
تويوتا كورولا 2016,كورولا,أسود,"153,000 كم",التجمع - القاهرة الجديدة,2024-05-17,"800,000 جنيه"
تويوتا كورولا 2014,كورولا,أسود,"210,000 كم",6 أكتوبر,2024-05-17,"800,000 جنيه"
تويوتا كرسيدا 1983,كرسيدا,أبيض,"200,000 كم",المنيا‎,2024-05-17,"95,000 جنيه"
تويوتا ياريس 2015,ياريس,أبيض,"53,000 كم",الإسكندرية,2024-05-17,"650,000 جنيه"
تويوتا كورولا 1999,كورولا,احمر,"250,000 كم",أشمون,2024-05-17,"300,000 جنيه"
تويوتا كورولا 2014,كورولا,أسود,"125,000 كم",مصر الجديدة,2024-05-16,"740,000 جنيه"
تويوتا كورولا 2006,كورولا,فضي,"100,000 كم",6 أكتوبر,2024-05-16,"550,000 جنيه"
تويوتا فورتشنر 2022,فورتشنر,برونزي,"80,000 كم",مدينتى,2024-05-16,"2,850,000 جنيه"
تويوتا كورولا 2010,كورولا,احمر,"197,000 كم",6 أكتوبر,2024-05-16,"595,000 جنيه"
تويوتا كورولا 2013,كورولا,شمبان,"200,000 كم",التجمع - القاهرة الجديدة,2024-05-16,"650,000 جنيه"
تويوتا كورولا 2019,كورولا,أسود,"140,000 كم",الإسكندرية,2024-05-16,"885,000 جنيه"
تويوتا ياريس 2009,ياريس,رمادي,"370,000 كم",الشروق,2024-05-16,"450,000 جنيه"
تويوتا لاند كروزر 2021,لاند كروزر,أبيض,"50,000 كم",الإسكندرية,2024-05-16,"7,000,000 جنيه"
تويوتا كورولا 2007,كورولا,أسود,"96,000 كم",القاهرة,2024-05-16,"675,000 جنيه"
تويوتا برادو 2022,برادو,بترولي,"24,000 كم",القاهرة,2024-05-16,"5,700,000 جنيه"
تويوتا كورولا 2016,كورولا,أسود,"200,000 كم",الزقازيق,2024-05-16,"830,000 جنيه"
تويوتا افانزا 2015,افانزا,أبيض,"160,000 كم",تلا,2024-05-16,"630,000 جنيه"
تويوتا كورولا 2024,كورولا,فضي,- كم,مصر الجديدة,2024-05-16,"1,320,000 جنيه"
تويوتا كورولا 2022,كورولا,فضي,"40,000 كم",المحلة,2024-05-16,"1,200,000 جنيه"
تويوتا كورولا 2014,كورولا,احمر,"129,000 كم",المنوفية,2024-05-16,"779,000 جنيه"
تويوتا كورولا 2014,كورولا,رمادي,"107,000 كم",بني سويف‎,2024-05-16,"810,000 جنيه"
تويوتا بيلتا 2022,بيلتا,بني,"15,000 كم",القاهرة,2024-05-16,"865,000 جنيه"
تويوتا كورولا 2024,كورولا,احمر,0 كم,الإسكندرية,2024-05-15,"1,500,000 جنيه"
تويوتا كورولا 2021,كورولا,باذنجاني,"43,000 كم",الإسماعيلية,2024-05-15,"1,450,000 جنيه"
تويوتا ياريس 2008,ياريس,احمر,"200,000 كم",شبرا,2024-05-15,"419,000 جنيه"
تويوتا هايلكس 2011,هايلكس,أبيض,"200,000 كم",6 أكتوبر,2024-05-15,"1,200,000 جنيه"
تويوتا ياريس 2009,ياريس,رمادي,"280,000 كم",القاهرة,2024-05-15,"400,000 جنيه"
تويوتا كورولا 2011,كورولا,رمادي,"310,000 كم",أشمون,2024-05-15,"680,000 جنيه"
تويوتا كورولا 2020,كورولا,أبيض,"60,000 كم",المهندسين,2024-05-15,"1,000,000 جنيه"
تويوتا كورولا 2008,كورولا,أسود,"170,000 كم",مدينة نصر,2024-05-15,"450,000 جنيه"
تويوتا كورولا 2016,كورولا,أسود,"90,000 كم",الإسكندرية,2024-05-15,"830,000 جنيه"
تويوتا كورولا 2021,كورولا,بترولي,"35,000 كم",القاهرة,2024-05-15,"1,050,000 جنيه"
تويوتا افانزا 2009,افانزا,فضي,"100,000 كم",المنيا‎,2024-05-15,"600,000 جنيه"
تويوتا ياريس 2015,ياريس,احمر,"188,000 كم",القاهرة,2024-05-15,"650,000 جنيه"
تويوتا كورولا 1993,كورولا,احمر,"129,000 كم",القاهرة,2024-05-15,"225,000 جنيه"
تويوتا كرسيدا 1990,كرسيدا,أسود,- كم,القاهرة,2024-05-15,"135,000 جنيه"
تويوتا كورولا 2008,كورولا,بترولي,"200,000 كم",الزقازيق,2024-05-15,"450,000 جنيه"
تويوتا كورولا 2002,كورولا,فضي,"120,000 كم",أبو قير,2024-05-15,"600,000 جنيه"
تويوتا كورولا 2016,كورولا,فيراني,"185,000 كم",بنها,2024-05-15,"850,000 جنيه"
تويوتا كورولا 2013,كورولا,أبيض,"189,000 كم",المنيا‎,2024-05-15,"575,000 جنيه"
تويوتا كورولا 1997,كورولا,احمر غامق,"97,000 كم",الشرقية,2024-05-15,"340,000 جنيه"
تويوتا ايكو 2000,ايكو,سماوى,"250,000 كم",مدينة نصر,2024-05-15,"225,000 جنيه"
تويوتا كورولا 2009,كورولا,فضي,"120,000 كم",القاهرة,2024-05-15,"500,000 جنيه"
تويوتا كورولا 2020,كورولا,فضي,"114,000 كم",الإسكندرية,2024-05-14,"870,000 جنيه"
تويوتا كورولا 2009,كورولا,أسود,"270,000 كم",6 أكتوبر,2024-05-14,"500,000 جنيه"
تويوتا كورولا 2013,كورولا,أسود,"240,000 كم",مصر الجديدة,2024-05-14,"600,000 جنيه"
تويوتا كورولا 2020,كورولا,أسود,"49,000 كم",الإسكندرية,2024-05-14,"950,000 جنيه"
تويوتا فورتشنر 2023,فورتشنر,أسود,"15,000 كم",التجمع - القاهرة الجديدة,2024-05-14,"3,050,000 جنيه"
تويوتا كورولا 2019,كورولا,أسود,"90,000 كم",المنيل,2024-05-14,"980,000 جنيه"
تويوتا XA 2002,XA,فضي,"300,000 كم",الدقهلية,2024-05-14,"650,000 جنيه"
تويوتا كورولا 2011,كورولا,فضي,"155,000 كم",القاهرة,2024-05-14,"675,000 جنيه"
تويوتا كورولا 2015,كورولا,فضي,"215,000 كم",6 أكتوبر,2024-05-14,"725,000 جنيه"
تويوتا كورولا 2009,كورولا,زيتوني,"103,000 كم",بورسعيد,2024-05-14,"630,000 جنيه"
تويوتا كورولا 2020,كورولا,أبيض,"135,000 كم",العجمى,2024-05-14,"1,000,000 جنيه"
تويوتا كورولا 2013,كورولا,ذهبي,"250,000 كم",6 أكتوبر,2024-05-14,"720,000 جنيه"
تويوتا رش 2020,رش,باذنجاني,"200,000 كم",بورسعيد,2024-05-14,"1,100,000 جنيه"
تويوتا كورولا 2020,كورولا,أبيض,"87,000 كم",الإسكندرية,2024-05-14,"950,000 جنيه"
تويوتا كورولا 2013,كورولا,أسود,"90,000 كم",القاهرة,2024-05-14,"780,000 جنيه"
تويوتا كورولا 1993,كورولا,أبيض,"273,094 كم",الدقهلية,2024-05-14,"260,000 جنيه"
تويوتا رش 2020,رش,أبيض,"200,000 كم",سوهاج,2024-05-14,"1,500,000 جنيه"
تويوتا كورولا 2006,كورولا,أسود,"250,000 كم",كفر الشيخ,2024-05-14,"320,000 جنيه"
تويوتا كورولا 2013,كورولا,أسود,"135,000 كم",الوراق,2024-05-14,"690,000 جنيه"
تويوتا كورولا 2019,كورولا,فضي,"74,000 كم",الهرم,2024-05-13,"980,000 جنيه"
تويوتا كورولا 2020,كورولا,احمر,"107,000 كم",المقطم,2024-05-13,"850,000 جنيه"
تويوتا كورولا 2019,كورولا,أسود,"98,000 كم",العجمى,2024-05-13,"1,000,000 جنيه"
تويوتا ياريس 2008,ياريس,أزرق,"190,000 كم",أسوان,2024-05-13,"420,000 جنيه"
تويوتا كورولا 2019,كورولا,أبيض,"125,000 كم",التجمع - القاهرة الجديدة,2024-05-13,"1,035,000 جنيه"
تويوتا راف فور 2001,راف فور,ذهبي,"95,000 كم",البحر الأحمر,2024-05-13,"710,000 جنيه"
تويوتا برادو 2015,برادو,أبيض,"180,000 كم",شرم الشيخ,2024-05-13,"3,250,000 جنيه"
تويوتا ياريس 2019,ياريس,أبيض,"142,000 كم",الجيزة,2024-05-13,"650,000 جنيه"
تويوتا كورولا 2022,كورولا,فضي,"90,000 كم",6 أكتوبر,2024-05-13,"1,200,000 جنيه"
تويوتا ياريس 2008,ياريس,أسود,"130,000 كم",القاهرة,2024-05-13,"370,000 جنيه"
تويوتا كورولا 2010,كورولا,فضي,"90,000 كم",البحر الأحمر,2024-05-13,"780,000 جنيه"
تويوتا فورتشنر 2018,فورتشنر,رمادي,"235,000 كم",الإسكندرية,2024-05-13,"1,900,000 جنيه"
تويوتا كورولا 2015,كورولا,أسود,"155,000 كم",6 أكتوبر,2024-05-13,"720,000 جنيه"
تويوتا هايلكس 2008,هايلكس,أبيض,"370,000 كم",المنوفية,2024-05-13,"550,000 جنيه"
تويوتا اوريس 2014,اوريس,أزرق,"206,000 كم",العبور,2024-05-13,"600,000 جنيه"
تويوتا فورتشنر 2019,فورتشنر,أسود,"111,000 كم",6 أكتوبر,2024-05-13,"2,600,000 جنيه"
تويوتا كورولا 1999,كورولا,أبيض,"100,000 كم",القاهرة,2024-05-13,"270,000 جنيه"
تويوتا كورولا 2021,كورولا,أسود,"75,000 كم",المهندسين,2024-05-13,"960,000 جنيه"
تويوتا كورولا 2023,كورولا,أبيض,"80,000 كم",الإسكندرية,2024-05-13,"1,510,000 جنيه"
تويوتا كورولا 1999,كورولا,أزرق,"160,000 كم",القاهرة,2024-05-13,"305,000 جنيه"
تويوتا كورولا 2015,كورولا,احمر,"200,000 كم",حدائق الاهرام,2024-05-13,"720,000 جنيه"
تويوتا فورتشنر 2013,فورتشنر,احمر,"250,000 كم",مصر الجديدة,2024-05-13,"1,800,000 جنيه"
تويوتا كورولا 2024,كورولا,سماوى,0 كم,الإسكندرية,2024-05-12,"1,500,000 جنيه"
تويوتا C-HR 2021,C-HR,أسود,"92,000 كم",التجمع - القاهرة الجديدة,2024-05-12,"1,350,000 جنيه"
تويوتا كورولا 2008,كورولا,فضي,"360,000 كم",المقطم,2024-05-12,"520,000 جنيه"
تويوتا كورولا 2021,كورولا,بترولي,"99,000 كم",العبور,2024-05-12,"950,000 جنيه"
تويوتا ياريس 2015,ياريس,فضي,"68,000 كم",طنطا,2024-05-12,"730,000 جنيه"
تويوتا كرسيدا 1982,كرسيدا,فضي,"100,000 كم",الجيزة,2024-05-12,"75,000 جنيه"
تويوتا كورولا 2022,كورولا,فضي,"54,000 كم",أبو حمص,2024-05-12,"1,100,000 جنيه"
تويوتا كورولا 2019,كورولا,فضي,"116,000 كم",6 أكتوبر,2024-05-12,"915,000 جنيه"
تويوتا كورولا 2021,كورولا,أسود,"41,000 كم",منيا القمح,2024-05-12,"1,150,000 جنيه"
تويوتا كورولا 2007,كورولا,سماوى,"280,000 كم",المعادى,2024-05-12,"600,000 جنيه"
تويوتا بيلتا 2022,بيلتا,رمادي,"22,000 كم",6 أكتوبر,2024-05-12,"870,000 جنيه"
تويوتا فورتشنر 2019,فورتشنر,باذنجاني,"89,000 كم",6 أكتوبر,2024-05-12,"3,100,000 جنيه"
تويوتا كورولا 2021,كورولا,الأزرق الداكن,"166,000 كم",مصر الجديدة,2024-05-12,"850,000 جنيه"
تويوتا C-HR 2023,C-HR,أبيض,"13,000 كم",مدينتى,2024-05-12,"1,650,000 جنيه"
تويوتا كورولا 2022,كورولا,فضي,- كم,مصر الجديدة,2024-05-12,"1,250,000 جنيه"
تويوتا كورولا 1994,كورولا,احمر,"240,000 كم",سوهاج,2024-05-12,"170,000 جنيه"
تويوتا ياريس 2019,ياريس,أبيض,"142,000 كم",الجيزة,2024-05-12,"650,000 جنيه"
تويوتا كورولا 2004,كورولا,أسود,"250,000 كم",الإسكندرية,2024-05-12,"450,000 جنيه"
تويوتا رش 2023,رش,أبيض,"13,000 كم",القاهرة,2024-05-12,"1,800,000 جنيه"
تويوتا كورولا 2018,كورولا,أبيض,"160,000 كم",حلوان,2024-05-12,"750,000 جنيه"
تويوتا كورولا 2022,كورولا,الأزرق الداكن,"53,000 كم",التجمع - القاهرة الجديدة,2024-05-12,"1,200,000 جنيه"
تويوتا افانزا 2016,افانزا,أبيض,"200,000 كم",الدقهلية,2024-05-11,"770,000 جنيه"
تويوتا كورولا 2021,كورولا,أسود,"270,000 كم",السويس‎,2024-05-11,"1,250,000 جنيه"
تويوتا كورولا 2022,كورولا,سماوى,"46,000 كم",القاهرة,2024-05-11,"1,100,000 جنيه"
تويوتا ياريس 2021,ياريس,فضي,"20,000 كم",الإسكندرية,2024-05-11,"970,000 جنيه"
تويوتا كورولا 2009,كورولا,أسود,"283,000 كم",البحيرة,2024-05-11,"570,000 جنيه"
تويوتا فورتشنر 2017,فورتشنر,ذهبي,"46,000 كم",6 أكتوبر,2024-05-11,"2,300,000 جنيه"
تويوتا كورولا 2019,كورولا,احمر,"215,000 كم",6 أكتوبر,2024-05-11,"900,000 جنيه"
تويوتا كورولا 2020,كورولا,أبيض,"92,000 كم",القاهرة,2024-05-11,"925,000 جنيه"
تويوتا كورولا 2013,كورولا,أسود,"350,000 كم",العبور,2024-05-11,"645,000 جنيه"
تويوتا فورتشنر 2016,فورتشنر,أسود,"120,000 كم",المعادى,2024-05-11,"2,100,000 جنيه"
تويوتا كورولا 1999,كورولا,احمر غامق,"200,000 كم",كفر الشيخ,2024-05-11,"220,000 جنيه"
تويوتا كورولا 1997,كورولا,ذهبي,"350,000 كم",6 أكتوبر,2024-05-11,"225,000 جنيه"
تويوتا هايلكس 2021,هايلكس,أبيض,"40,000 كم",القاهرة,2024-05-11,"1,470,000 جنيه"
تويوتا كورولا 2014,كورولا,أبيض,"49,000 كم",المنصورة,2024-05-11,"820,000 جنيه"
تويوتا كورولا 2015,كورولا,أبيض,- كم,أسيوط,2024-05-11,"850,000 جنيه"
تويوتا كورولا 2013,كورولا,أبيض,"180,000 كم",التجمع - القاهرة الجديدة,2024-05-11,"550,000 جنيه"
تويوتا كورولا 2003,كورولا,الأزرق الداكن,"200,000 كم",أبو كبير,2024-05-11,"420,000 جنيه"
تويوتا كورولا 2022,كورولا,احمر,"27,450 كم",القاهرة,2024-05-10,"1,250,000 جنيه"
تويوتا ياريس 2008,ياريس,فضي,"180,000 كم",التجمع - القاهرة الجديدة,2024-05-10,"420,000 جنيه"
تويوتا بيلتا 2022,بيلتا,أسود,"47,000 كم",التجمع - القاهرة الجديدة,2024-05-10,"800,000 جنيه"
تويوتا ايكو 2000,ايكو,الأزرق الداكن,"15,000 كم",القاهرة,2024-05-10,"300,000 جنيه"
تويوتا كورولا 2004,كورولا,ذهبي,"380,000 كم",الإسماعيلية,2024-05-10,"400,000 جنيه"
تويوتا كورولا 2006,كورولا,أبيض,"186,000 كم",مدينة نصر,2024-05-10,"580,000 جنيه"
تويوتا ياريس 2007,ياريس,احمر,"270,000 كم",الشروق,2024-05-10,"375,000 جنيه"
تويوتا كورولا 2000,كورولا,أزرق,"196,358 كم",المرج,2024-05-10,"340,000 جنيه"
تويوتا كورولا 2022,كورولا,سماوى,"64,000 كم",القاهرة,2024-05-10,"1,290,000 جنيه"
تويوتا كورولا 1996,كورولا,زيتوني,- كم,ديرب نجم,2024-05-10,"240,000 جنيه"
تويوتا كورولا 2002,كورولا,أسود,"300,000 كم",فاقوس,2024-05-10,"390,000 جنيه"
تويوتا كورولا 2008,كورولا,فضي,"156,000 كم",سوهاج,2024-05-10,"630,000 جنيه"
تويوتا رش 2020,رش,أسود,"80,000 كم",القاهرة,2024-05-10,"1,250,000 جنيه"
تويوتا كورولا 1995,كورولا,احمر غامق,"119,000 كم",القاهرة,2024-05-10,"300,000 جنيه"
تويوتا كورولا 2021,كورولا,احمر,"65,000 كم",القاهرة,2024-05-10,"1,040,000 جنيه"
تويوتا كورولا 2022,كورولا,فيراني,"80,000 كم",القناطر الخيرية,2024-05-10,"1,050,000 جنيه"
تويوتا كورولا 2021,كورولا,فضي,"47,000 كم",6 أكتوبر,2024-05-10,"1,100,000 جنيه"
تويوتا كورولا 2004,كورولا,أسود,"252,000 كم",الإسكندرية,2024-05-10,"425,000 جنيه"
تويوتا كورولا كروس 2009,كورولا كروس,فضي,"380,000 كم",المعادى,2024-05-09,"600,000 جنيه"
تويوتا رش 2019,رش,باذنجاني,"28,900 كم",كفر الشيخ,2024-05-09,"1,300,000 جنيه"
تويوتا ياريس 2007,ياريس,الأزرق الداكن,"190,000 كم",التجمع - القاهرة الجديدة,2024-05-09,"400,000 جنيه"
تويوتا فورتشنر 2024,فورتشنر,أبيض,20 كم,الإسكندرية,2024-05-09,"4,050,000 جنيه"
تويوتا كورولا 2007,كورولا,أبيض,"190,000 كم",كفر الشيخ,2024-05-09,"550,000 جنيه"
تويوتا كورولا 2024,كورولا,الأزرق الداكن,10 كم,الإسكندرية,2024-05-09,"1,390,000 جنيه"
تويوتا كوستر 2018,كوستر,أبيض,"190,000 كم",القاهرة,2024-05-09,"2,600,000 جنيه"
تويوتا كورولا 2013,كورولا,أبيض,"270,000 كم",المحلة,2024-05-09,"600,000 جنيه"
تويوتا كورولا 2020,كورولا,أبيض,"100,000 كم",6 أكتوبر,2024-05-09,"990,000 جنيه"
تويوتا كورولا 2006,كورولا,فضي,"128,000 كم",حدائق الاهرام,2024-05-09,"550,000 جنيه"
تويوتا كورولا 2006,كورولا,فضي,"200,000 كم",القاهرة,2024-05-09,"560,000 جنيه"
تويوتا كورولا 2005,كورولا,أسود,"182,000 كم",الإسكندرية,2024-05-09,"680,000 جنيه"
تويوتا فيلوز 2023,فيلوز,فضي,"23,000 كم",الشروق,2024-05-09,"1,250,000 جنيه"
تويوتا كورولا 2021,كورولا,بترولي,"80,000 كم",مدينتى,2024-05-06,"1,600,000 جنيه"
تويوتا ياريس 2015,ياريس,ذهبي,"106,000 كم",الإسكندرية,2024-04-26,"685,000 جنيه"
تويوتا فورتشنر 2022,فورتشنر,بترولي,1 كم,الجيزة,2024-05-09,"3,500,000 جنيه"
تويوتا رش 2022,رش,أسود,"23,000 كم",القاهرة,2024-03-11,"1,325,000 جنيه"
تويوتا ياريس 2007,ياريس,فضي,"330,000 كم",منوف,2024-05-09,"450,000 جنيه"
تويوتا كورولا 2019,كورولا,رمادي,"140,000 كم",الهرم,2024-05-09,"870,000 جنيه"
تويوتا ياريس 2007,ياريس,احمر,"89,000 كم",الإسكندرية,2024-05-09,"420,000 جنيه"
تويوتا رش 2021,رش,فضي,"70,000 كم",القاهرة,2024-05-09,"1,150,000 جنيه"
تويوتا كورولا 2015,كورولا,فضي,"160,000 كم",فاقوس,2024-05-09,"780,000 جنيه"
تويوتا فورتشنر 2023,فورتشنر,فضي,"20,000 كم",مدينة الشيخ زايد,2024-05-09,"3,400,000 جنيه"
تويوتا كورولا 2019,كورولا,أسود,"69,000 كم",السنبلاوين,2024-05-09,"970,000 جنيه"
تويوتا فورتشنر 2013,فورتشنر,احمر,"143,000 كم",إمبابة,2024-05-08,"1,600,000 جنيه"
تويوتا كورولا 2013,كورولا,سماوى,"222,000 كم",كفر الشيخ,2024-05-08,"670,000 جنيه"
تويوتا كورولا 2007,كورولا,فضي,- كم,الشرقية,2024-05-08,"650,000 جنيه"
تويوتا كورولا 2019,كورولا,أبيض,"125,000 كم",القاهرة,2024-05-08,"1,000,000 جنيه"
تويوتا كورولا 2008,كورولا,أسود,"175,000 كم",6 أكتوبر,2024-05-08,"620,000 جنيه"
تويوتا كورولا 2015,كورولا,أسود,"89,000 كم",القاهرة,2024-05-08,"950,000 جنيه"
تويوتا كورولا 2019,كورولا,احمر,"114,000 كم",التجمع - القاهرة الجديدة,2024-05-08,"820,000 جنيه"
تويوتا رش 2021,رش,أسود,"46,000 كم",القاهرة,2024-05-08,"1,170,000 جنيه"
تويوتا ايكو 2000,ايكو,أسود,"330,000 كم",القاهرة,2024-05-08,"285,000 جنيه"
تويوتا كورولا 2015,كورولا,احمر,"116,000 كم",الإسكندرية,2024-03-19,"800,000 جنيه"
تويوتا فورتشنر 2017,فورتشنر,ذهبي,"235,000 كم",التجمع - القاهرة الجديدة,2024-05-08,"1,950,000 جنيه"
تويوتا كورولا 2006,كورولا,سماوى,"280,000 كم",الهرم,2024-05-08,"580,000 جنيه"
تويوتا كورولا 2011,كورولا,أبيض,"100,000 كم",المحلة,2024-05-08,"615,000 جنيه"
تويوتا كورولا 2021,كورولا,فضي,"98,000 كم",شبين الكوم,2024-05-08,"975,000 جنيه"
تويوتا كورولا 2003,كورولا,فضي,"280,000 كم",الغربية,2024-05-08,"410,000 جنيه"
تويوتا كورولا 2019,كورولا,أبيض,"117,500 كم",الهرم,2024-05-08,"880,000 جنيه"
تويوتا رش 2022,رش,أبيض,"26,000 كم",طنطا,2024-05-08,"620,000 جنيه"
تويوتا كورولا 2001,كورولا,احمر,"288,000 كم",الجيزة,2024-05-08,"400,000 جنيه"
تويوتا كورولا 2022,كورولا,أسود,"8,540 كم",المعادى,2024-05-08,"1,150,000 جنيه"
تويوتا ياريس 2008,ياريس,أسود,"240,000 كم",الإسكندرية,2024-05-08,"410,000 جنيه"
تويوتا كورولا 2008,كورولا,فضي,"117,000 كم",الإسكندرية,2024-05-08,"495,000 جنيه"
تويوتا كورولا 2021,كورولا,أبيض,"61,000 كم",الجيزة,2024-05-08,"1,100,000 جنيه"
تويوتا كورولا 2022,كورولا,بترولي,"60,000 كم",التجمع - القاهرة الجديدة,2024-02-24,"1,100,000 جنيه"
تويوتا كورولا 2005,كورولا,سماوى,"150,000 كم",إدكو,2024-05-08,"480,000 جنيه"
تويوتا كورولا 2008,كورولا,أسود,"315,000 كم",الجيزة,2024-05-08,"435,000 جنيه"
تويوتا كورولا 2008,كورولا,رمادي,"125,000 كم",فاقوس,2024-05-08,"415,000 جنيه"
تويوتا كورولا 2015,كورولا,فضي,"130,000 كم",المهندسين,2024-05-07,"730,000 جنيه"
تويوتا كورولا 2018,كورولا,أسود,"113,000 كم",المعادى,2024-05-07,"780,000 جنيه"
تويوتا C-HR 2017,C-HR,رمادي,"190,000 كم",السويس‎,2024-05-07,"900,000 جنيه"
تويوتا كورولا 2015,كورولا,رمادي,"150,000 كم",الجيزة,2024-05-07,"830,000 جنيه"
تويوتا كورولا 2022,كورولا,فضي,"13,000 كم",الإسكندرية,2024-05-07,"1,300,000 جنيه"
تويوتا كورولا 2016,كورولا,سماوى,"126,000 كم",العاشر من رمضان,2024-05-07,"790,000 جنيه"
تويوتا برادو 2007,برادو,أسود,"300,000 كم",كفر الشيخ,2024-05-07,"890,000 جنيه"
تويوتا سيينا 2008,سيينا,أبيض,"95,000 كم",القاهرة,2024-05-07,"1,600,000 جنيه"
تويوتا افانزا 2007,افانزا,فضي,"309,000 كم",كفر الشيخ,2024-05-07,"320,000 جنيه"
تويوتا كورولا 2010,كورولا,فضي,"230,000 كم",المنوفية,2024-05-07,"580,000 جنيه"
تويوتا ياريس 2007,ياريس,أسود,"186,000 كم",ميت غمر,2024-05-07,"450,000 جنيه"
تويوتا ياريس 2008,ياريس,أسود,"280,000 كم",القاهرة,2024-05-07,"420,000 جنيه"
تويوتا كورولا 2003,كورولا,ذهبي,"158,000 كم",القاهرة,2024-05-07,"340,000 جنيه"
تويوتا رش 2020,رش,احمر,"125,000 كم",6 أكتوبر,2024-05-07,"980,000 جنيه"
تويوتا كورولا 2004,كورولا,فضي,"95,000 كم",6 أكتوبر,2024-05-07,"600,000 جنيه"
تويوتا ياريس 2009,ياريس,رمادي,"130,000 كم",مدينة نصر,2024-05-07,"450,000 جنيه"
تويوتا فورتشنر 2022,فورتشنر,أسود,"72,000 كم",التجمع - القاهرة الجديدة,2024-05-07,"3,350,000 جنيه"
تويوتا كورولا 2015,كورولا,أبيض,"82,000 كم",الإسماعيلية,2024-05-07,"850,000 جنيه"
تويوتا كورولا 2021,كورولا,أبيض,"115,000 كم",التجمع - القاهرة الجديدة,2024-05-07,"1,300,000 جنيه"
تويوتا كورولا 2009,كورولا,فضي,"125,000 كم",طنطا,2024-05-07,"480,000 جنيه"
تويوتا مكروباص 2011,مكروباص,أبيض,"200,000 كم",المقطم,2024-05-07,"280,000 جنيه"
تويوتا هايلكس 2008,هايلكس,أبيض,"290,000 كم",الزقازيق,2024-05-06,"650,000 جنيه"
تويوتا ياريس 2007,ياريس,بترولي,"300,000 كم",بورسعيد,2024-05-06,"275,000 جنيه"
تويوتا كورولا 2014,كورولا,أبيض,"144,000 كم",الإسماعيلية,2024-05-06,"720,000 جنيه"
تويوتا كورولا 2006,كورولا,ذهبي,"248,000 كم",العاشر من رمضان,2024-05-06,"610,000 جنيه"
تويوتا كورولا 2022,كورولا,أبيض,"74,000 كم",الشروق,2024-05-06,"1,200,000 جنيه"
تويوتا كورولا 2017,كورولا,برونزي,"156,000 كم",التجمع - القاهرة الجديدة,2024-05-06,"920,000 جنيه"
تويوتا كورولا 2022,كورولا,الأزرق الداكن,"26,000 كم",الإسكندرية,2024-05-04,"1,250,000 جنيه"
تويوتا كورولا 2024,كورولا,فيراني,0 كم,6 أكتوبر,2024-05-06,"1,500,000 جنيه"
تويوتا ياريس 2007,ياريس,بترولي,"353,000 كم",المعادى,2024-05-06,"440,000 جنيه"
تويوتا كورولا 2011,كورولا,أبيض,"253,000 كم",العجمى,2024-05-06,"640,000 جنيه"
تويوتا كورولا 2017,كورولا,أسود,"50,000 كم",العلمين,2024-05-06,"800,000 جنيه"
تويوتا كورونا 1984,كورونا,أبيض,"55,555 كم",الشرقية,2024-05-06,"85,000 جنيه"
تويوتا كورولا 2014,كورولا,أبيض,"50,000 كم",التجمع - القاهرة الجديدة,2024-05-06,"850,000 جنيه"
تويوتا ديانا 1999,ديانا,فضي,"250,000 كم",البحيرة,2024-05-06,"200,000 جنيه"
تويوتا كورولا 2022,كورولا,أبيض,"11,000 كم",شيراتون,2024-05-06,"1,650,000 جنيه"
تويوتا كورولا 2020,كورولا,فضي,"40,000 كم",مدينتى,2024-05-06,"1,090,000 جنيه"
تويوتا كورولا 2021,كورولا,رمادي,"110,000 كم",المحلة,2024-05-06,"1,015,000 جنيه"
تويوتا برادو 2006,برادو,رمادي,- كم,الشرقية,2024-05-05,"1,000,000 جنيه"
تويوتا رش 2022,رش,أبيض,"50,000 كم",المعادى,2024-05-05,"1,100,000 جنيه"
تويوتا ياريس 2015,ياريس,رمادي,"118,000 كم",مدينتى,2024-05-05,"650,000 جنيه"
تويوتا ايكو 2000,ايكو,احمر,"400,000 كم",التجمع - القاهرة الجديدة,2024-05-05,"260,000 جنيه"
تويوتا كورولا 2021,كورولا,أبيض,"3,500 كم",القاهرة,2024-05-05,"1,450,000 جنيه"
تويوتا كورولا 2016,كورولا,فيراني,"120,000 كم",المنيا‎,2024-05-05,"820,000 جنيه"
تويوتا كورولا 2013,كورولا,أسود,"360,412 كم",العاشر من رمضان,2024-05-05,"700,000 جنيه"
تويوتا كورولا 1994,كورولا,اخضر غامق,"390,000 كم",المحلة,2024-05-05,"210,000 جنيه"
تويوتا كورولا 2024,كورولا,فضي,"6,000 كم",كفر الشيخ,2024-05-05,"1,215,000 جنيه"
تويوتا كورولا 2015,كورولا,أبيض,"228,000 كم",العبور,2024-05-05,"699,000 جنيه"
تويوتا كورولا 2010,كورولا,أسود,"150,000 كم",بني سويف‎,2024-05-05,"625,000 جنيه"
تويوتا كورولا 2007,كورولا,فضي,"220,000 كم",الإسماعيلية,2024-05-05,"620,000 جنيه"
تويوتا ايكو 2000,ايكو,فضي,"152,000 كم",التجمع - القاهرة الجديدة,2024-05-05,"270,000 جنيه"
تويوتا كورولا 2020,كورولا,أسود,"79,000 كم",الفيوم,2024-04-17,"900,000 جنيه"
تويوتا كورولا 2020,كورولا,بترولي,"82,300 كم",أسيوط,2024-05-04,"1,150,000 جنيه"
تويوتا كورولا 1999,كورولا,احمر,"185,000 كم",القاهرة,2024-05-04,"295,000 جنيه"
تويوتا كورولا 2020,كورولا,أبيض,"100,000 كم",القاهرة,2024-05-04,"930,000 جنيه"
تويوتا فورتشنر 2016,فورتشنر,أبيض,"170,000 كم",المعادى,2024-05-04,"1,750,000 جنيه"
تويوتا كورولا 2019,كورولا,باذنجاني,"50,000 كم",الهرم,2024-05-04,"1,000,000 جنيه"
تويوتا كورولا كروس 1998,كورولا كروس,احمر غامق,"230,000 كم",ديرب نجم,2024-05-04,"225,000 جنيه"
تويوتا كورولا 1997,كورولا,احمر,"250,000 كم",القاهرة,2024-05-04,"245,000 جنيه"
تويوتا كورولا 2020,كورولا,رمادي,"211,000 كم",التجمع - القاهرة الجديدة,2024-05-04,"1,100,000 جنيه"
تويوتا ياريس 2008,ياريس,فضي,- كم,الإسكندرية,2024-05-04,"430,000 جنيه"
تويوتا كورولا 2020,كورولا,أبيض,"68,000 كم",السويس‎,2024-05-03,"930,000 جنيه"
تويوتا كورولا 2007,كورولا,أسود,"5,000 كم",الجيزة,2024-05-03,"420,000 جنيه"
تويوتا رش 2023,رش,أبيض,"1,800 كم",الشروق,2024-05-03,"1,450,000 جنيه"
تويوتا برادو 2017,برادو,أبيض,"76,000 كم",المنوفية,2024-05-03,"4,500,000 جنيه"
تويوتا رش 2019,رش,باذنجاني,"63,000 كم",القاهرة,2024-05-03,"1,200,000 جنيه"
تويوتا كورولا 1998,كورولا,احمر,"220,000 كم",ديرب نجم,2024-05-03,"220,000 جنيه"
تويوتا كورولا 2016,كورولا,أسود,"150,000 كم",الدقهلية,2024-05-03,"820,000 جنيه"
تويوتا كورولا 2007,كورولا,أسود,"30,000 كم",مرسى علم,2024-05-03,"650,000 جنيه"
تويوتا كورولا 2022,كورولا,فضي,"30,000 كم",المعادى,2024-05-03,"1,080,000 جنيه"
تويوتا كورولا 2023,كورولا,فضي,"4,000 كم",البحيرة,2024-05-03,"1,265,000 جنيه"
تويوتا كورولا 2020,كورولا,أبيض,"93,000 كم",الهرم,2024-05-03,"700,000 جنيه"
تويوتا كورولا 2023,كورولا,رمادي,- كم,القاهرة,2024-05-03,"1,320,000 جنيه"
تويوتا كورولا 2022,كورولا,أبيض,"108,000 كم",شبين الكوم,2024-05-03,"1,075,000 جنيه"
تويوتا فورتشنر 2016,فورتشنر,احمر غامق,"135,000 كم",التجمع - القاهرة الجديدة,2024-05-03,"1,900,000 جنيه"
تويوتا ياريس 2009,ياريس,فيراني,"210,000 كم",شرم الشيخ,2024-05-03,"490,000 جنيه"
تويوتا C-HR 2022,C-HR,أبيض,"13,000 كم",القاهرة,2024-05-03,"1,350,000 جنيه"
تويوتا كورولا 2006,كورولا,أسود,"125,000 كم",القاهرة,2024-05-03,"660,000 جنيه"
تويوتا فورتشنر 2019,فورتشنر,فضي,"90,000 كم",المعادى,2024-05-03,"2,680,000 جنيه"
تويوتا كورولا 2015,كورولا,أبيض,"97,500 كم",سوهاج,2024-05-03,"780,000 جنيه"
تويوتا فورتشنر 2023,فورتشنر,رمادي,"30,000 كم",المعادى,2024-05-02,"2,850,000 جنيه"
تويوتا ياريس 2021,ياريس,أبيض,"40,000 كم",المعادى,2024-05-02,"850,000 جنيه"
تويوتا كورولا 2019,كورولا,فضي,"149,000 كم",المعادى,2024-05-02,"850,000 جنيه"
تويوتا فورتشنر 2021,فورتشنر,أبيض,"80,000 كم",6 أكتوبر,2024-05-02,"2,900,000 جنيه"
تويوتا C-HR 2017,C-HR,أسود,"93,000 كم",الهرم,2024-01-22,"1,150,000 جنيه"
تويوتا كورولا كروس 2022,كورولا كروس,أسود,"12,000 كم",مدينة نصر,2024-05-02,"1,420,000 جنيه"
تويوتا كورولا 2008,كورولا,فضي,"45,000 كم",مدينتى,2024-05-02,"700,000 جنيه"
تويوتا كرسيدا 1982,كرسيدا,أبيض,"50,000 كم",الجيزة,2024-05-02,"75,000 جنيه"
تويوتا كورولا 2007,كورولا,فضي,"167,000 كم",كفر الشيخ,2024-05-02,"470,000 جنيه"
تويوتا كورولا 2021,كورولا,أسود,"100,000 كم",المقطم,2024-04-30,"1,000,000 جنيه"
تويوتا فورتشنر 2016,فورتشنر,أسود,"137,000 كم",القاهرة,2024-05-02,"2,000,000 جنيه"
تويوتا كورولا 2010,كورولا,أبيض,"60,000 كم",المنصورة,2024-05-02,"600,000 جنيه"
تويوتا بلتا 2022,بلتا,أسود,"32,000 كم",التجمع - القاهرة الجديدة,2024-05-02,"950,000 جنيه"
تويوتا كورولا 1994,كورولا,أخضر,"220,000 كم",شبين الكوم,2024-05-02,"220,000 جنيه"
تويوتا كورولا 2020,كورولا,فضي,"100,000 كم",كفر الشيخ,2024-05-02,"1,050,000 جنيه"
تويوتا كورولا 2010,كورولا,ذهبي,"502,000 كم",السويس‎,2024-05-02,"520,000 جنيه"
تويوتا فورتشنر 2015,فورتشنر,احمر,"30,000 كم",الجيزة,2024-05-02,"2,000,000 جنيه"
تويوتا كورولا 2022,كورولا,برونزي,"45,000 كم",مصر الجديدة,2024-05-01,"1,120,000 جنيه"
تويوتا كورولا 2020,كورولا,أبيض,"100,000 كم",طنطا,2024-05-01,"920,000 جنيه"
تويوتا ياريس 2007,ياريس,أزرق,"145,000 كم",طنطا,2024-05-01,"500,000 جنيه"
تويوتا ياريس 2008,ياريس,الأزرق الداكن,"126,000 كم",الجيزة,2024-05-01,"380,000 جنيه"
تويوتا كورولا 2024,كورولا,فضي,30 كم,المنصورة,2024-05-01,"1,550,000 جنيه"
تويوتا كورولا 2016,كورولا,فيراني,"110,000 كم",المحلة,2024-05-01,"810,000 جنيه"
تويوتا لاند كروزر 2008,لاند كروزر,أسود,- كم,مدينة الشيخ زايد,2024-05-01,"2,700,000 جنيه"
تويوتا مكروباص 2003,مكروباص,أبيض,- كم,طنطا,2024-04-30,"1,200,000 جنيه"
تويوتا كورولا 2021,كورولا,فضي,"88,000 كم",إمبابة,2024-04-30,"1,070,000 جنيه"
تويوتا كورولا 2019,كورولا,أسود,"70,000 كم",المنيا‎,2024-04-30,"1,000,000 جنيه"
تويوتا كورولا 2017,كورولا,رمادي,"135,000 كم",القاهرة,2024-04-30,"800,000 جنيه"
تويوتا راف فور 2010,راف فور,فضي,"135,000 كم",التجمع - القاهرة الجديدة,2024-04-30,"950,000 جنيه"
تويوتا بيلتا 2022,بيلتا,أبيض,"10,000 كم",6 أكتوبر,2024-04-30,"900,000 جنيه"
تويوتا كورولا 2008,كورولا,فضي,"200,000 كم",كفر الشيخ,2024-04-30,"570,000 جنيه"
تويوتا كورولا 2024,كورولا,فضي,1 كم,القاهرة,2024-04-30,"1,450,000 جنيه"
تويوتا كورولا 2022,كورولا,فضي,"80,000 كم",مدينة نصر,2024-04-30,"985,000 جنيه"
تويوتا كورولا 2006,كورولا,فضي,"49,000 كم",مصر الجديدة,2024-04-30,"650,000 جنيه"
تويوتا كورولا 2019,كورولا,أسود,"55,000 كم",مدينتى,2024-04-30,"1,000,000 جنيه"
تويوتا كورولا 2019,كورولا,فضي,"105,000 كم",6 أكتوبر,2024-04-30,"975,000 جنيه"
تويوتا فورتشنر 2013,فورتشنر,رمادي,"200,000 كم",المنيا‎,2024-04-30,"1,250,000 جنيه"
تويوتا كورولا 2015,كورولا,أبيض,"220,000 كم",التجمع - القاهرة الجديدة,2024-04-30,"750,000 جنيه"
تويوتا كورولا 2010,كورولا,فضي,"100,000 كم",أشمون,2024-04-30,"500,000 جنيه"
تويوتا ياريس 2006,ياريس,احمر,"140,000 كم",القاهرة,2024-04-30,"350,000 جنيه"
تويوتا هاى اس 2021,هاى اس,أبيض,"200,000 كم",الإسماعيلية,2024-04-30,"900,000 جنيه"
تويوتا كورولا 1998,كورولا,فضي,"170,000 كم",كفر الشيخ,2024-04-30,"250,000 جنيه"
تويوتا كورولا 2007,كورولا,أسود,"350,000 كم",شبرا,2024-04-30,"600,000 جنيه"
تويوتا تيرسل 1997,تيرسل,اخضر غامق,"300,000 كم",الجيزة,2024-04-29,"195,000 جنيه"
تويوتا افانزا 2009,افانزا,فضي,"530,000 كم",الإسكندرية,2024-04-29,"485,000 جنيه"
تويوتا كورولا 2022,كورولا,رمادي,"25,000 كم",الإسكندرية,2024-04-29,"1,100,000 جنيه"
تويوتا تيرسل 1997,تيرسل,فضي,"126,000 كم",المهندسين,2024-04-29,"300,000 جنيه"
تويوتا كورولا 1997,كورولا,فضي,"180,000 كم",المنصورة,2024-04-29,"270,000 جنيه"
تويوتا رش 2022,رش,فضي,"160,000 كم",القاهرة,2024-04-29,"1,400,000 جنيه"
تويوتا كورولا 2010,كورولا,أسود,"160,000 كم",الجيزة,2024-04-29,"640,000 جنيه"
تويوتا ياريس 2008,ياريس,احمر,"250,000 كم",6 أكتوبر,2024-04-29,"400,000 جنيه"
تويوتا كورولا 2019,كورولا,رمادي,"83,000 كم",دمنهور,2024-04-29,"950,000 جنيه"
تويوتا كورولا 2020,كورولا,فضي,"76,000 كم",المعادى,2024-04-29,"1,050,000 جنيه"
تويوتا فورتشنر 2023,فورتشنر,أسود,"17,000 كم",مدينة الشيخ زايد,2024-04-29,"3,100,000 جنيه"
تويوتا كورولا 2019,كورولا,أسود,"90,000 كم",كفر الشيخ,2024-04-29,"950,000 جنيه"
تويوتا لاند كروزر 2019,لاند كروزر,أبيض,"168,000 كم",6 أكتوبر,2024-04-29,"7,000,000 جنيه"
تويوتا مكروباص 2021,مكروباص,أبيض,"240,000 كم",القاهرة,2024-04-29,"1,695,000 جنيه"
تويوتا افانزا 2014,افانزا,فضي,"240,000 كم",الدقهلية,2024-04-29,"650,000 جنيه"
تويوتا كورولا 2015,كورولا,فضي,"110,000 كم",6 أكتوبر,2024-04-28,"800,000 جنيه"
تويوتا كورولا 2010,كورولا,أسود,"155,000 كم",أشمون,2024-04-28,"595,000 جنيه"
تويوتا كورولا 2009,كورولا,رمادي,"400,000 كم",الشرقية,2024-04-28,"450,000 جنيه"
تويوتا كورولا 2015,كورولا,فيراني,"200,000 كم",الإسكندرية,2024-04-28,"850,000 جنيه"
تويوتا كورولا 2004,كورولا,الأزرق الداكن,"220,000 كم",مدينة نصر,2024-04-28,"400,000 جنيه"
تويوتا كورولا 2020,كورولا,فضي,"73,000 كم",التجمع - القاهرة الجديدة,2024-04-28,"1,100,000 جنيه"
تويوتا كورولا 2004,كورولا,أسود,"275,000 كم",القاهرة,2024-04-28,"400,000 جنيه"
تويوتا أفنسيس 2006,أفنسيس,احمر,"200,000 كم",الغربية,2024-04-28,"415,000 جنيه"
تويوتا كورولا 2021,كورولا,بترولي,"69,400 كم",العبور,2024-04-28,"1,045,000 جنيه"
تويوتا لاند كروزر 2006,لاند كروزر,فضي,"198,000 كم",شيراتون,2024-04-28,"2,100,000 جنيه"
تويوتا كورولا 2009,كورولا,أبيض,"230,000 كم",كفر الشيخ,2024-04-28,"630,000 جنيه"
تويوتا ياريس 2015,ياريس,فضي,"110,687 كم",القاهرة,2024-04-28,"480,000 جنيه"
تويوتا كورولا 2022,كورولا,فضي,"91,000 كم",الجيزة,2024-04-28,"1,150,000 جنيه"
تويوتا رش 2020,رش,فضي,"82,000 كم",كفر الشيخ,2024-04-28,"1,120,000 جنيه"
تويوتا هاى اس 2008,هاى اس,أبيض,"350,000 كم",القاهرة,2024-04-28,"665,000 جنيه"
تويوتا برادو 2006,برادو,احمر,"300,000 كم",المنصورة,2024-04-27,"950,000 جنيه"
تويوتا كورولا 2022,كورولا,احمر,- كم,القاهرة,2024-04-27,"1,270,000 جنيه"
تويوتا كورولا 2008,كورولا,أسود,"175,000 كم",مصر الجديدة,2024-04-27,"450,000 جنيه"
تويوتا كورولا 2019,كورولا,أبيض,"113,000 كم",بني سويف‎,2024-04-27,"930,000 جنيه"
تويوتا فورتشنر 2015,فورتشنر,أسود,"150,000 كم",المعادى,2024-04-27,"1,750,000 جنيه"
تويوتا كورولا 2013,كورولا,فضي,"230,000 كم",أشمون,2024-04-27,"600,000 جنيه"
تويوتا كورولا 2009,كورولا,أسود,"188,000 كم",حدائق الاهرام,2024-04-26,"650,000 جنيه"
تويوتا كورولا 2017,كورولا,أبيض,"113,000 كم",6 أكتوبر,2024-04-26,"770,000 جنيه"
تويوتا كورولا 2011,كورولا,فضي,"160,000 كم",القاهرة,2024-04-26,"785,000 جنيه"
تويوتا كورولا 2008,كورولا,أبيض,"140,000 كم",مصر الجديدة,2024-04-26,"750,000 جنيه"
تويوتا رش 2023,رش,أبيض,"30,000 كم",القاهرة,2024-04-26,"1,525,000 جنيه"
تويوتا روميون 2022,روميون,احمر,"6,000 كم",إمبابة,2024-04-26,"1,000,000 جنيه"
تويوتا كورولا 2002,كورولا,ذهبي,"300,000 كم",الإسكندرية,2024-04-26,"450,000 جنيه"
تويوتا كورولا 2023,كورولا,فضي,"5,000 كم",التجمع - القاهرة الجديدة,2024-04-26,"1,240,000 جنيه"
تويوتا كورولا 2024,كورولا,رمادي,0 كم,التجمع - القاهرة الجديدة,2024-04-26,"1,355,000 جنيه"
تويوتا كورولا 2005,كورولا,سماوى,- كم,بني سويف‎,2024-04-26,"430,000 جنيه"
تويوتا كورولا 2007,كورولا,سماوى,"240,000 كم",البحيرة,2024-04-26,"575,000 جنيه"
تويوتا افانزا 2012,افانزا,فيراني,"220,000 كم",المنيا‎,2024-04-25,"590,000 جنيه"
تويوتا كورولا 2023,كورولا,أبيض,- كم,مدينة نصر,2024-04-25,"1,420,000 جنيه"
تويوتا كورولا 2022,كورولا,فضي,"90,000 كم",6 أكتوبر,2024-04-25,"1,130,000 جنيه"
تويوتا تيرسل 1994,تيرسل,سماوى,"20,000 كم",القاهرة,2024-04-25,"120,000 جنيه"
تويوتا كورولا 1998,كورولا,احمر غامق,- كم,القاهرة,2024-04-25,"420,000 جنيه"
تويوتا كورولا 2008,كورولا,فضي,"280,000 كم",الإسماعيلية,2024-04-25,"590,000 جنيه"
تويوتا رش 2022,رش,أبيض,"15,000 كم",المنصورة,2024-04-25,"1,250,000 جنيه"
تويوتا كورولا 2010,كورولا,فضي,"200,000 كم",حدائق الاهرام,2024-04-25,"640,000 جنيه"
تويوتا ياريس 2015,ياريس,فضي,"150,000 كم",الإسكندرية,2024-04-25,"700,000 جنيه"
تويوتا كورولا 2020,كورولا,فضي,"94,000 كم",مدينة الشيخ زايد,2024-04-25,"1,075,000 جنيه"
تويوتا كورولا 2016,كورولا,فضي,"100,000 كم",التجمع - القاهرة الجديدة,2024-03-14,"880,000 جنيه"
تويوتا فورتشنر 2023,فورتشنر,أسود,"20,000 كم",6 أكتوبر,2024-04-24,"3,400,000 جنيه"
تويوتا كراون 1984,كراون,الأزرق الداكن,"190,000 كم",دكرنس,2024-04-24,"125,000 جنيه"
تويوتا برادو 2007,برادو,أسود,"300,000 كم",العريش / سينا,2024-04-24,"1,000,000 جنيه"
تويوتا كورولا 2022,كورولا,بترولي,"37,000 كم",بنها,2024-04-24,"1,100,000 جنيه"
تويوتا كورولا 2024,كورولا,أبيض,0 كم,الإسكندرية,2024-04-24,"1,310,000 جنيه"
تويوتا افانزا 2010,افانزا,ذهبي,"300,000 كم",قنا,2024-04-24,"530,000 جنيه"
تويوتا كورولا 1992,كورولا,الأزرق الداكن,"220,000 كم",دمياط,2024-04-24,"260,000 جنيه"
تويوتا هايلكس 2000,هايلكس,الأزرق الداكن,"99,000 كم",قنا,2024-04-24,"500,000 جنيه"
تويوتا كورولا 2016,كورولا,موكا,"127,000 كم",العاشر من رمضان,2024-04-24,"855,000 جنيه"
تويوتا ياريس 2008,ياريس,احمر,"250,000 كم",6 أكتوبر,2024-04-24,"445,000 جنيه"
تويوتا فورتشنر 2022,فورتشنر,الأزرق الداكن,"38,000 كم",الجيزة,2024-04-24,"2,800,000 جنيه"
تويوتا ياريس 2008,ياريس,أسود,"220,000 كم",القاهرة,2024-04-24,"350,000 جنيه"
تويوتا كورولا 2022,كورولا,برونزي,"60,000 كم",القاهرة,2024-04-23,"400,000 جنيه"
تويوتا كورولا 2020,كورولا,احمر,"195,000 كم",الجيزة,2024-04-23,"360,000 جنيه"
تويوتا فيلوز 2023,فيلوز,احمر,"6,000 كم",التجمع - القاهرة الجديدة,2024-04-23,"1,950,000 جنيه"
تويوتا كورولا 2007,كورولا,فضي,"112,000 كم",الجيزة,2024-04-23,"550,000 جنيه"
تويوتا كورولا 2020,كورولا,فضي,"120,000 كم",مدينة نصر,2024-04-23,"950,000 جنيه"
تويوتا كورولا 2018,كورولا,فضي,"147,000 كم",التجمع - القاهرة الجديدة,2024-04-23,"950,000 جنيه"
تويوتا كورولا 2021,كورولا,أسود,"13,000 كم",التجمع - القاهرة الجديدة,2024-04-23,"1,050,000 جنيه"
تويوتا كورولا 2023,كورولا,بترولي,20 كم,الشرقية,2024-04-07,"1,300,000 جنيه"
تويوتا كورولا 2020,كورولا,برونزي,"127,000 كم",6 أكتوبر,2024-04-23,"950,000 جنيه"
تويوتا كورولا 2024,كورولا,أبيض,144 كم,المنصورة,2024-04-23,"1,500,000 جنيه"
تويوتا كورولا 2014,كورولا,أبيض,"123,000 كم",الغربية,2024-04-23,"780,000 جنيه"
تويوتا كورولا 2020,كورولا,فضي,"100,000 كم",التجمع - القاهرة الجديدة,2024-04-23,"935,000 جنيه"
تويوتا فورتشنر 2013,فورتشنر,فضي,"243,000 كم",المعادى,2024-04-22,"1,300,000 جنيه"
تويوتا كورولا 2016,كورولا,أسود,"103,000 كم",الزمالك,2024-04-23,"870,000 جنيه"
تويوتا رش 2023,رش,احمر,"22,500 كم",مدينة نصر,2024-03-12,"1,270,000 جنيه"
تويوتا كورولا 2008,كورولا,أسود,"195,000 كم",التجمع - القاهرة الجديدة,2024-04-23,"485,000 جنيه"
تويوتا كورولا 2019,كورولا,فضي,"40,000 كم",القاهرة,2024-04-23,"1,050,000 جنيه"
تويوتا C-HR 2017,C-HR,أبيض,"123,000 كم",المنوفية,2024-04-23,"1,025,000 جنيه"
تويوتا هايلكس 2011,هايلكس,أبيض,"380,000 كم",6 أكتوبر,2024-04-22,"1,650,000 جنيه"
تويوتا كورولا 2013,كورولا,فضي,"257,000 كم",شرم الشيخ,2024-04-22,"725,000 جنيه"
تويوتا كورولا 2022,كورولا,فضي,"10,000 كم",إمبابة,2024-04-22,"1,450,000 جنيه"
تويوتا كورولا 2007,كورولا,فضي,"167,000 كم",الإسكندرية,2024-04-22,"470,000 جنيه"
تويوتا ياريس 2007,ياريس,احمر,"195,000 كم",بني سويف‎,2024-04-22,"420,000 جنيه"
تويوتا كورولا 2008,كورولا,أسود,"236,000 كم",التجمع - القاهرة الجديدة,2024-04-22,"459,000 جنيه"
تويوتا رش 2021,رش,فضي,"33,000 كم",مصر الجديدة,2024-04-22,"1,200,000 جنيه"
